{
    "total_gtm_roles": 310,
    "top_tools": {
        "Salesforce": 68,
        "Clay": 59,
        "Python": 50,
        "SQL": 39,
        "HubSpot": 36,
        "n8n": 21,
        "Zapier": 17,
        "Snowflake": 15,
        "Outreach": 14,
        "Gong": 13,
        "AWS": 13,
        "Apollo": 12,
        "AI": 12,
        "React": 11,
        "JavaScript": 10
    },
    "salary_stats": {
        "Channel Sales Engineer": {
            "mean": 210000.0,
            "median": 210000.0,
            "count": 1
        },
        "Director": {
            "mean": 190625.0,
            "median": 218750.0,
            "count": 4
        },
        "Head": {
            "mean": 179250.0,
            "median": 179250.0,
            "count": 1
        },
        "Intern": {
            "mean": 40.0,
            "median": 40.0,
            "count": 1
        },
        "Junior": {
            "mean": 211250.0,
            "median": 211250.0,
            "count": 2
        },
        "Lead": {
            "mean": 225000.0,
            "median": 175000.0,
            "count": 3
        },
        "Manager": {
            "mean": 115000.0,
            "median": 115000.0,
            "count": 2
        },
        "Mid": {
            "mean": 140790.7068965517,
            "median": 138230.5,
            "count": 29
        },
        "N/A": {
            "mean": 200000.0,
            "median": 200000.0,
            "count": 1
        },
        "Senior": {
            "mean": 161587.01612903227,
            "median": 167500.0,
            "count": 31
        },
        "Senior Manager": {
            "mean": 175000.0,
            "median": 175000.0,
            "count": 1
        },
        "Staff": {
            "mean": 228166.66666666666,
            "median": 238500.0,
            "count": 3
        },
        "Staff/Principal": {
            "mean": 175000.0,
            "median": 175000.0,
            "count": 1
        },
        "VP": {
            "mean": 275000.0,
            "median": 275000.0,
            "count": 1
        }
    }
}